_H:	$Name	%Input[2:0,0]<2:5,5>	%Input[2:1,0]	%Input[2:2,0]	%Input[2:3,0]	%Input[2:4,0]	%Input[2:0,1]	%Input[2:1,1]	%Input[2:2,1]	%Input[2:3,1]	%Input[2:4,1]	%Input[2:0,2]	%Input[2:1,2]	%Input[2:2,2]	%Input[2:3,2]	%Input[2:4,2]	%Input[2:0,3]	%Input[2:1,3]	%Input[2:2,3]	%Input[2:3,3]	%Input[2:4,3]	%Input[2:0,4]	%Input[2:1,4]	%Input[2:2,4]	%Input[2:3,4]	%Input[2:4,4]	%Output[2:0,0]<2:5,5>	%Output[2:1,0]	%Output[2:2,0]	%Output[2:3,0]	%Output[2:4,0]	%Output[2:0,1]	%Output[2:1,1]	%Output[2:2,1]	%Output[2:3,1]	%Output[2:4,1]	%Output[2:0,2]	%Output[2:1,2]	%Output[2:2,2]	%Output[2:3,2]	%Output[2:4,2]	%Output[2:0,3]	%Output[2:1,3]	%Output[2:2,3]	%Output[2:3,3]	%Output[2:4,3]	%Output[2:0,4]	%Output[2:1,4]	%Output[2:2,4]	%Output[2:3,4]	%Output[2:4,4]
_D:	"evt_0"	1	0	0	0	0	0	0	0	0	0	0	0	1	1	1	0	0	1	0	0	1	0	0	0	0	0	1	0	0	1	1	0	0	0	1	0	0	0	0	0	0	0	0	0	0	0	0	1	0	1
_D:	"evt_1"	0	0	0	0	0	0	0	0	0	1	1	0	0	0	0	1	0	0	0	1	1	1	0	0	0	0	0	0	0	0	0	0	1	1	1	0	0	0	0	0	0	1	0	1	0	1	0	0	0	0
_D:	"evt_2"	0	0	1	0	0	0	0	0	0	1	0	0	1	0	1	1	1	0	0	0	0	0	0	0	0	0	0	0	0	1	0	0	0	1	0	1	0	1	0	0	1	0	0	1	0	0	0	0	0	0
_D:	"evt_3"	1	0	0	0	0	0	0	1	1	0	0	0	0	0	1	0	0	1	0	0	1	0	0	0	0	1	0	1	0	0	0	0	0	1	0	1	0	0	1	0	1	0	0	0	0	0	0	0	0	0
_D:	"evt_4"	0	0	1	0	0	1	0	0	0	0	0	1	0	0	1	0	0	0	0	0	0	0	1	0	1	0	0	1	0	0	0	0	1	1	1	0	0	0	0	0	0	0	0	1	1	0	0	0	0	0
_D:	"evt_5"	0	0	1	0	0	0	0	0	0	0	0	0	0	0	0	1	0	0	0	1	0	1	0	1	1	0	0	0	1	0	1	0	1	0	0	0	0	0	0	0	0	1	0	0	0	0	0	1	0	1
_D:	"evt_6"	0	1	0	0	0	1	0	1	0	1	0	0	0	1	0	0	0	0	0	0	0	0	0	1	0	0	0	0	0	0	0	1	0	0	1	0	1	0	0	1	0	0	0	0	0	0	1	1	0	0
_D:	"evt_7"	0	0	0	0	1	0	0	1	0	0	0	0	0	1	0	0	0	0	1	0	0	1	1	0	0	1	1	1	1	0	0	1	0	1	0	0	0	0	0	0	0	0	0	0	0	0	0	0	0	0
_D:	"evt_8"	0	0	0	0	0	1	0	0	0	1	0	1	0	0	1	0	1	1	0	0	0	0	0	0	0	0	0	0	0	0	0	0	0	0	0	1	0	0	1	0	0	1	1	0	1	0	0	0	1	0
_D:	"evt_9"	0	0	0	0	0	1	0	0	0	0	1	0	1	0	0	0	0	0	0	1	0	0	1	0	1	0	0	1	1	0	0	0	0	0	1	0	0	0	0	0	0	0	1	0	0	1	0	0	0	1
_D:	"evt_10"	0	0	0	0	0	1	1	1	0	0	0	0	0	0	0	0	1	0	0	0	1	0	1	0	0	0	1	0	0	0	0	0	0	0	0	1	0	1	0	0	0	0	0	0	0	1	1	1	0	0
_D:	"evt_11"	0	0	0	1	0	0	0	1	0	0	0	1	0	1	0	0	0	0	0	1	0	1	0	0	0	0	0	1	0	0	0	0	1	0	0	0	0	0	0	0	1	1	0	0	1	0	0	0	1	0
_D:	"evt_12"	0	0	0	0	0	0	1	0	1	1	0	0	1	0	0	0	0	0	0	1	0	0	1	0	0	0	1	0	0	0	0	0	0	0	1	0	1	0	0	0	0	1	0	0	0	1	0	1	0	0
_D:	"evt_13"	1	0	0	0	0	0	1	0	1	0	0	1	0	0	0	0	0	0	0	0	1	0	1	0	0	0	0	0	0	0	1	1	0	0	1	0	0	0	1	0	1	0	0	0	0	0	0	0	1	0
_D:	"evt_14"	0	1	0	0	0	1	0	1	0	0	0	0	0	1	0	0	1	0	0	0	0	1	0	0	0	0	1	1	0	0	0	0	0	0	0	1	1	0	0	0	0	1	0	0	0	0	0	0	0	1
_D:	"evt_15"	0	0	1	1	0	0	0	0	0	0	1	0	1	0	1	0	0	0	0	0	0	0	0	0	1	0	1	0	0	0	0	0	0	0	0	1	1	1	0	0	0	1	0	0	0	0	0	1	0	0
_D:	"evt_16"	0	0	1	1	0	0	0	0	0	0	0	0	1	1	0	0	0	0	0	0	1	0	0	0	1	0	0	1	0	0	1	0	1	0	1	0	0	0	1	0	0	0	0	1	0	0	0	0	0	0
_D:	"evt_17"	0	1	0	1	0	0	0	0	0	0	0	1	0	0	0	1	0	0	0	1	1	0	0	0	0	0	0	1	1	0	0	0	0	0	1	1	0	1	0	0	0	0	1	0	0	0	0	0	0	0
_D:	"evt_18"	0	0	0	0	1	0	1	0	0	0	0	0	0	0	0	1	1	0	0	0	0	1	0	0	1	1	1	0	1	0	0	0	0	0	0	0	0	0	0	0	0	0	0	0	1	0	1	0	0	1
_D:	"evt_19"	0	0	0	0	1	0	0	1	0	0	0	1	0	0	1	0	1	0	0	1	0	0	0	0	0	0	0	1	0	0	1	1	0	0	0	0	0	0	0	0	0	1	0	0	0	1	0	1	0	0
_D:	"evt_20"	0	0	0	0	0	0	0	1	0	1	1	0	1	0	0	0	0	1	0	0	0	1	0	0	0	0	0	0	0	0	0	1	0	0	0	1	0	0	0	1	0	0	1	0	0	1	0	0	1	0
_D:	"evt_21"	1	0	0	0	0	0	0	0	1	0	0	0	0	0	0	1	0	1	0	0	0	0	0	1	1	0	0	1	0	0	0	1	0	1	0	0	0	1	0	0	0	1	0	0	0	0	0	1	0	0
_D:	"evt_22"	1	0	0	0	0	1	1	0	0	0	1	0	0	0	0	0	0	0	0	0	0	0	1	0	1	0	1	0	0	1	0	0	0	0	0	0	1	1	0	0	0	0	0	1	0	0	0	1	0	0
_D:	"evt_23"	0	0	0	0	0	0	0	1	0	0	0	0	0	0	1	0	0	1	1	1	0	0	0	1	0	1	1	0	0	0	0	0	0	1	0	0	0	0	1	0	0	0	0	0	1	0	0	0	1	0
_D:	"evt_24"	0	0	0	1	1	0	0	0	0	0	1	0	0	1	1	0	0	0	0	0	0	1	0	0	0	0	1	1	0	0	0	0	1	0	0	0	0	0	0	0	0	0	0	0	0	1	1	0	1	0
